model,metric,value,ci_lo,ci_hi
EDM,atom_stability,0.9831,0.9822,0.9838
EDM,molecule_stability,0.8103,0.8027,0.8177
EDM,validity,0.9193,0.9138,0.9245
EDM,uniqueness,0.9852,0.9828,0.9877
EDM,valid_and_unique,0.9057,0.8999,0.9115
EDM,novelty,0.5588,0.5478,0.5692
EDM,novelty_native,0.6698,0.6594,0.6791
GCDM,atom_stability,0.9874,0.9868,0.9881
GCDM,molecule_stability,0.8642,0.8578,0.8706
GCDM,validity,0.9489,0.9445,0.9531
GCDM,uniqueness,0.9848,0.9825,0.9873
GCDM,valid_and_unique,0.9345,0.9295,0.9395
GCDM,novelty,0.5125,0.5026,0.5223
GCDM,novelty_native,0.6278,0.6182,0.6376
QM9 data,atom_stability,0.9937,0.9931,0.9943
QM9 data,molecule_stability,0.9528,0.9489,0.9568
QM9 data,validity,0.9749,0.9719,0.9779
QM9 data,uniqueness,1.0000,1.0000,1.0000
QM9 data,valid_and_unique,0.9749,0.9719,0.9779
EDM,test_nll,-111.39,,
GCDM,test_nll,-172.33,,
