group,key,value
metric,atom_stability,0.811296
metric,molecule_stability,0.031000
metric,validity,0.300000
metric,uniqueness,1.000000
metric,novelty,1.000000
geometry,generated_nn_mean,1.0930
geometry,real_nn_mean,1.1215
geometry,generated_rg_mean,2.3878
geometry,real_rg_mean,2.3894
geometry,generated_frac_bonded,1.0000
geometry,real_frac_bonded,1.0000
composition,generated_H,0.4908
composition,real_H,0.5121
composition,generated_C,0.3272
composition,real_C,0.3530
composition,generated_N,0.0879
composition,real_N,0.0557
composition,generated_O,0.0935
composition,real_O,0.0781
composition,generated_F,0.0007
composition,real_F,0.0011
training,final_train_loss,1.3833
training,final_valid_loss,1.3756
